instName, numOfSolution, numOfCars, feasible, timeLimit, timeCost, obj1, obj2, obj3, obj4
varaible102
varaible129
varaible156
varaible183
varaible210
varaible237
varaible264
varaible291
varaible318
varaible345
varaible372
varaible399
varaible426
varaible453
varaible480
varaible507
varaible534
varaible561
varaible588
varaible615
varaible642
varaible669
varaible696
varaible723
varaible750
varaible777
varaible804
varaible831
varaible858
varaible885
varaible912
varaible939
varaible966
varaible993
varaible1020
varaible1047
varaible1074
varaible1101
varaible1128
varaible1155
varaible1182
varaible1209
varaible1236
varaible1263
varaible1290
varaible1317
varaible1344
varaible1371
varaible1398
varaible1425
varaible1452
varaible1479
varaible1506
varaible1533
varaible1560
varaible1587
varaible1614
varaible1641
varaible1668
varaible1695
varaible1722
varaible1749
varaible1776
varaible1803
varaible1830
varaible1857
varaible1884
varaible1911
varaible1938
varaible1965
varaible1992
varaible2019
varaible2046
varaible2073
varaible2100
varaible2127
varaible2154
varaible2181
varaible2208
varaible2235
varaible2262
varaible2289
varaible2316
varaible2343
varaible2370
varaible2397
varaible2424
varaible2451
varaible2478
varaible2505
varaible2532
varaible2559
varaible2586
varaible2613
varaible2640
varaible2667
varaible2694
varaible2721
varaible2748
varaible2775
varaible102
varaible129
